kerjasama_id,jenis,mitra,kategori_mitra,lingkup,prodi_id,tanggal_mulai,tanggal_berakhir,status,tahun,ingested_at
KJS69201458,MoU,Universitas Indonesia,Pemerintah,PkM,TG,2022-03-19,2024-03-18,Tidak Aktif,2022,2026-05-13T19:21:14+07:00
KJS77e4cf07,PKS,JICA Indonesia,Industri,PkM,MTK,2022-01-25,2025-01-24,Tidak Aktif,2022,2026-05-13T19:21:14+07:00
KJS81560a35,MoU,Kyushu University,Litbang,Semua,GD,2021-03-13,2024-03-12,Tidak Aktif,2021,2026-05-13T19:21:14+07:00
KJSa95e07de,MoU,NUS Singapore,PT_DN,Semua,MTK,2025-02-17,2030-02-16,Aktif,2025,2026-05-13T19:21:14+07:00
KJSfa441897,MoU,World Bank Jakarta,Litbang,Semua,TL,2024-07-01,2026-07-01,Aktif,2024,2026-05-13T19:21:14+07:00
KJS5db9ac66,MoU,Bank Indonesia,Industri,Pendidikan,BIO,2025-03-02,2026-03-02,Tidak Aktif,2025,2026-05-13T19:21:14+07:00
KJS35d04897,PKS,Chulalongkorn University,PT_DN,Penelitian,AG,2024-02-15,2029-02-13,Aktif,2024,2026-05-13T19:21:14+07:00
KJS7d47015f,PKS,Politeknik Negeri Lampung,PT_DN,Semua,TLK,2023-02-16,2028-02-15,Aktif,2023,2026-05-13T19:21:14+07:00
KJS24d130c9,PKS,Universiti Malaya,PT_DN,MBKM,TE,2019-09-08,2021-09-07,Tidak Aktif,2019,2026-05-13T19:21:14+07:00
KJSaf95047e,MoU,ITB,PT_LN,Semua,KIM,2023-04-11,2025-04-10,Tidak Aktif,2023,2026-05-13T19:21:14+07:00
KJS309e9ded,MoU,PT Pertamina,Industri,MBKM,AG,2024-01-19,2025-01-18,Tidak Aktif,2024,2026-05-13T19:21:14+07:00
KJSaad74cd6,PKS,TU Delft,Litbang,MBKM,BIO,2023-10-24,2025-10-23,Tidak Aktif,2023,2026-05-13T19:21:14+07:00
KJS5778a2e6,PKS,Telkom University,Litbang,Pendidikan,MB,2025-02-20,2028-02-20,Aktif,2025,2026-05-13T19:21:14+07:00
KJSef1ccb76,MoU,BRIN,Pemerintah,Penelitian,IF,2019-07-09,2021-07-08,Tidak Aktif,2019,2026-05-13T19:21:14+07:00
KJSe0a6eb09,MoU,Telkom University,Litbang,PkM,GL,2020-02-01,2022-01-31,Tidak Aktif,2020,2026-05-13T19:21:14+07:00
KJSa5c6064b,MoU,JICA Indonesia,PT_LN,Penelitian,MTK,2020-05-15,2022-05-15,Tidak Aktif,2020,2026-05-13T19:21:14+07:00
KJS4c25d543,MoU,Unsri,PT_LN,MBKM,PWK,2019-10-07,2020-10-06,Tidak Aktif,2019,2026-05-13T19:21:14+07:00
KJS8abe197d,PKS,World Bank Jakarta,Pemerintah,Semua,AG,2020-11-19,2022-11-19,Tidak Aktif,2020,2026-05-13T19:21:14+07:00
KJS24d7aaa7,PKS,Osaka University,Litbang,Pendidikan,TP,2020-04-23,2021-04-23,Tidak Aktif,2020,2026-05-13T19:21:14+07:00
KJS686d54d9,PKS,UGM,PT_LN,Pendidikan,FIS,2025-01-01,2026-01-01,Tidak Aktif,2025,2026-05-13T19:21:14+07:00
KJSb835b174,MoU,World Bank Jakarta,PT_DN,Penelitian,GL,2020-12-07,2022-12-07,Tidak Aktif,2020,2026-05-13T19:21:14+07:00
KJS7be2f41c,PKS,UGM,Litbang,Penelitian,TK,2019-05-31,2024-05-29,Tidak Aktif,2019,2026-05-13T19:21:14+07:00
KJSd820b9d3,PKS,IPB University,Litbang,Penelitian,FIS,2021-09-12,2026-09-11,Aktif,2021,2026-05-13T19:21:14+07:00
KJSb9fe05c4,PKS,World Bank Jakarta,PT_LN,Semua,MB,2022-08-16,2025-08-15,Tidak Aktif,2022,2026-05-13T19:21:14+07:00
KJS65bfe574,PKS,IPB University,Litbang,MBKM,SK,2019-03-04,2024-03-02,Tidak Aktif,2019,2026-05-13T19:21:14+07:00
KJS7cc183cc,PKS,PT PLN,Pemerintah,Penelitian,FIS,2022-08-18,2027-08-17,Aktif,2022,2026-05-13T19:21:14+07:00
KJSe36a30f9,MoU,BPS Lampung,Industri,PkM,TK,2024-11-27,2029-11-26,Aktif,2024,2026-05-13T19:21:14+07:00
KJS629b4e9f,MoU,TU Delft,PT_LN,MBKM,SI,2020-08-26,2025-08-25,Tidak Aktif,2020,2026-05-13T19:21:14+07:00
KJS133efcb1,PKS,Bank Indonesia,PT_LN,Penelitian,TI,2024-10-01,2026-10-01,Aktif,2024,2026-05-13T19:21:14+07:00
KJS654be98a,MoU,Telkom University,Industri,Pendidikan,TS,2024-12-07,2027-12-07,Aktif,2024,2026-05-13T19:21:14+07:00
KJSad9ba4bc,MoU,Unila,PT_LN,MBKM,GL,2024-06-18,2027-06-18,Aktif,2024,2026-05-13T19:21:14+07:00
KJS6504ed53,MoU,Unila,Industri,PkM,TL,2022-08-29,2027-08-28,Aktif,2022,2026-05-13T19:21:14+07:00
KJS4b58858e,PKS,World Bank Jakarta,Pemerintah,Penelitian,TM,2020-02-10,2022-02-09,Tidak Aktif,2020,2026-05-13T19:21:14+07:00
KJSc56d47a4,MoU,Universitas Lampung,Pemerintah,Pendidikan,BIO,2020-12-13,2021-12-13,Tidak Aktif,2020,2026-05-13T19:21:14+07:00
KJSb6374b3a,PKS,Toyota Motor Manufacturing,Industri,Pendidikan,GD,2024-02-07,2027-02-06,Aktif,2024,2026-05-13T19:21:14+07:00
KJS0e727785,MoU,PT Astra International,PT_DN,MBKM,BIO,2020-01-11,2023-01-10,Tidak Aktif,2020,2026-05-13T19:21:14+07:00
KJS92c64fd2,MoU,Bank Indonesia,Litbang,PkM,GL,2025-11-27,2026-11-27,Aktif,2025,2026-05-13T19:21:14+07:00
KJS110db3e1,PKS,Kyushu University,Pemerintah,MBKM,GD,2022-04-02,2023-04-02,Tidak Aktif,2022,2026-05-13T19:21:14+07:00
KJSff67615e,PKS,PT Telkom Indonesia,PT_DN,PkM,BIO,2024-09-17,2029-09-16,Aktif,2024,2026-05-13T19:21:14+07:00
KJS40a6130a,PKS,ITS,Litbang,Penelitian,SK,2024-10-24,2026-10-24,Aktif,2024,2026-05-13T19:21:14+07:00
KJS6b45287c,PKS,ITS,PT_LN,Semua,TLK,2022-11-21,2023-11-21,Tidak Aktif,2022,2026-05-13T19:21:14+07:00
KJS5a79b5d9,MoU,PT Telkom Indonesia,PT_LN,Pendidikan,,2019-01-05,2021-01-04,Tidak Aktif,2019,2026-05-13T19:21:14+07:00
KJS8c765db0,MoU,Universitas Lampung,PT_DN,Semua,FT,2024-04-27,2025-04-27,Tidak Aktif,2024,2026-05-13T19:21:14+07:00
KJSca3b6b03,MoU,UGM,Pemerintah,PkM,BIO,2024-01-21,2027-01-20,Aktif,2024,2026-05-13T19:21:14+07:00
KJS3635548c,MoU,Kyushu University,PT_LN,Pendidikan,,2019-05-03,2022-05-02,Tidak Aktif,2019,2026-05-13T19:21:14+07:00
KJS3efc546e,MoU,TU Delft,Litbang,Pendidikan,TE,2025-12-03,2027-12-03,Aktif,2025,2026-05-13T19:21:14+07:00
KJS8aec46d8,PKS,PT Pertamina,PT_DN,MBKM,TLK,2024-07-18,2026-07-18,Aktif,2024,2026-05-13T19:21:14+07:00
KJS5bc5aa0d,PKS,Telkom University,Pemerintah,Semua,BIO,2020-08-13,2025-08-12,Tidak Aktif,2020,2026-05-13T19:21:14+07:00
KJS18c4ab30,MoU,JICA Indonesia,Industri,Semua,AR,2019-10-29,2024-10-27,Tidak Aktif,2019,2026-05-13T19:21:14+07:00
KJSad625043,PKS,Universitas Lampung,Litbang,Pendidikan,AR,2021-10-30,2023-10-30,Tidak Aktif,2021,2026-05-13T19:21:14+07:00
KJSab879675,PKS,Osaka University,PT_DN,MBKM,GL,2023-08-20,2028-08-18,Aktif,2023,2026-05-13T19:21:14+07:00
KJS7c871fd8,PKS,PT Pertamina,PT_DN,Pendidikan,SI,2020-07-07,2021-07-07,Tidak Aktif,2020,2026-05-13T19:21:14+07:00
KJSf2bdd972,PKS,Bank Indonesia,Litbang,PkM,TL,2019-06-14,2022-06-13,Tidak Aktif,2019,2026-05-13T19:21:14+07:00
KJSb2c04762,PKS,Unsri,Pemerintah,Semua,AG,2022-02-23,2025-02-22,Tidak Aktif,2022,2026-05-13T19:21:14+07:00
KJSa81b1684,MoU,BRIN,PT_LN,MBKM,,2019-09-10,2022-09-09,Tidak Aktif,2019,2026-05-13T19:21:14+07:00
KJS05c6f534,MoU,Unsri,PT_DN,Semua,TI,2019-12-11,2021-12-10,Tidak Aktif,2019,2026-05-13T19:21:14+07:00
KJS3afc944a,PKS,PT Telkom Indonesia,Litbang,Penelitian,AR,2020-03-13,2023-03-13,Tidak Aktif,2020,2026-05-13T19:21:14+07:00
KJS007016f6,PKS,JICA Indonesia,PT_DN,MBKM,FT,2023-10-28,2024-10-27,Tidak Aktif,2023,2026-05-13T19:21:14+07:00
KJS636f6e15,MoU,PT PLN,PT_LN,MBKM,GD,2020-02-26,2021-02-25,Tidak Aktif,2020,2026-05-13T19:21:14+07:00
KJSee0b4e57,PKS,Universitas Lampung,PT_DN,PkM,PWK,2023-11-23,2028-11-21,Aktif,2023,2026-05-13T19:21:14+07:00
KJSd2a431fe,MoU,Bank Indonesia,Pemerintah,PkM,TG,2023-02-25,2024-02-25,Tidak Aktif,2023,2026-05-13T19:21:14+07:00
KJSa5fcb12b,PKS,Toyota Motor Manufacturing,Pemerintah,Semua,TL,2020-05-26,2023-05-26,Tidak Aktif,2020,2026-05-13T19:21:14+07:00
KJS67279d7d,MoU,Huawei Indonesia,PT_LN,Semua,TK,2022-05-06,2027-05-05,Aktif,2022,2026-05-13T19:21:14+07:00
KJSb53cf8e0,MoU,PT Bukit Asam,PT_DN,PkM,TM,2024-01-27,2029-01-25,Aktif,2024,2026-05-13T19:21:14+07:00
KJS8737be20,MoU,BRIN,Litbang,Penelitian,GL,2020-10-06,2023-10-06,Tidak Aktif,2020,2026-05-13T19:21:14+07:00
KJSe836d1aa,MoU,Google Indonesia,PT_DN,Semua,TLK,2021-01-23,2022-01-23,Tidak Aktif,2021,2026-05-13T19:21:14+07:00
KJSff7b0916,MoU,UNDP Indonesia,PT_DN,MBKM,TE,2024-08-04,2026-08-04,Aktif,2024,2026-05-13T19:21:14+07:00
KJS03e455d6,PKS,LIPI,Pemerintah,PkM,BIO,2023-03-23,2026-03-22,Tidak Aktif,2023,2026-05-13T19:21:14+07:00
KJS6dd64629,PKS,TU Delft,PT_LN,Semua,IF,2021-01-07,2023-01-07,Tidak Aktif,2021,2026-05-13T19:21:14+07:00
KJS4fa42fb4,PKS,Unila,Industri,Penelitian,BIO,2024-01-07,2026-01-06,Tidak Aktif,2024,2026-05-13T19:21:14+07:00
KJS151c3598,MoU,Universitas Lampung,Litbang,Semua,SI,2020-05-25,2022-05-25,Tidak Aktif,2020,2026-05-13T19:21:14+07:00
KJSf15a64df,MoU,BMKG,Industri,Pendidikan,IF,2022-06-13,2024-06-12,Tidak Aktif,2022,2026-05-13T19:21:14+07:00
KJS3ce251da,MoU,Kyushu University,PT_LN,MBKM,TM,2021-11-08,2023-11-08,Tidak Aktif,2021,2026-05-13T19:21:14+07:00
KJS007d9bec,MoU,Bank Indonesia,PT_DN,Semua,BIO,2024-02-08,2025-02-07,Tidak Aktif,2024,2026-05-13T19:21:14+07:00
KJS5ec75b33,MoU,Unila,PT_LN,Pendidikan,GL,2020-07-18,2022-07-18,Tidak Aktif,2020,2026-05-13T19:21:14+07:00
KJS971a1abc,MoU,TU Delft,Litbang,Pendidikan,MTK,2025-09-13,2028-09-12,Aktif,2025,2026-05-13T19:21:14+07:00
KJSd75d8e3c,PKS,Kyushu University,Pemerintah,Pendidikan,KIM,2020-11-07,2021-11-07,Tidak Aktif,2020,2026-05-13T19:21:14+07:00
KJS3ef53f41,PKS,LIPI,Industri,MBKM,MB,2022-10-11,2023-10-11,Tidak Aktif,2022,2026-05-13T19:21:14+07:00
KJS32028212,MoU,LIPI,Industri,PkM,TI,2020-02-04,2025-02-02,Tidak Aktif,2020,2026-05-13T19:21:14+07:00
KJS2846cf73,PKS,PT PLN,Industri,PkM,TP,2022-11-07,2025-11-06,Tidak Aktif,2022,2026-05-13T19:21:14+07:00
KJS16be3094,PKS,Universitas Indonesia,PT_LN,Semua,TLK,2020-07-09,2022-07-09,Tidak Aktif,2020,2026-05-13T19:21:14+07:00
KJSbbf60ebb,MoU,ITB,PT_DN,PkM,KIM,2024-03-11,2027-03-11,Aktif,2024,2026-05-13T19:21:14+07:00
KJS07e1a4f2,MoU,Universitas Lampung,PT_LN,Penelitian,SI,2025-08-05,2026-08-05,Aktif,2025,2026-05-13T19:21:14+07:00
KJScd102744,PKS,Universitas Indonesia,Litbang,PkM,AR,2023-08-26,2026-08-25,Aktif,2023,2026-05-13T19:21:14+07:00
KJSb0471ce3,MoU,PT Bukit Asam,Industri,PkM,TI,2022-12-04,2025-12-03,Tidak Aktif,2022,2026-05-13T19:21:14+07:00
KJS489ce1cf,PKS,Universiti Malaya,PT_LN,PkM,TLK,2025-08-06,2028-08-05,Aktif,2025,2026-05-13T19:21:14+07:00
KJSebad5480,PKS,UGM,PT_LN,PkM,TM,2024-09-27,2026-09-27,Aktif,2024,2026-05-13T19:21:14+07:00
KJSf3bbe609,MoU,Telkom University,Litbang,PkM,TI,2020-10-27,2022-10-27,Tidak Aktif,2020,2026-05-13T19:21:14+07:00
KJS6d793c23,PKS,Unila,PT_LN,MBKM,KIM,2022-01-24,2024-01-24,Tidak Aktif,2022,2026-05-13T19:21:14+07:00
KJS76f8c51f,MoU,NUS Singapore,PT_DN,MBKM,TI,2025-06-13,2028-06-12,Aktif,2025,2026-05-13T19:21:14+07:00
KJS5db2e171,MoU,UGM,Litbang,PkM,TI,2021-08-15,2023-08-15,Tidak Aktif,2021,2026-05-13T19:21:14+07:00
KJS843fb41b,MoU,Unsri,Industri,PkM,PWK,2019-12-02,2021-12-01,Tidak Aktif,2019,2026-05-13T19:21:14+07:00
KJS979c73c4,PKS,PT Pertamina,Litbang,Penelitian,TE,2019-03-08,2022-03-07,Tidak Aktif,2019,2026-05-13T19:21:14+07:00
KJS562a16de,PKS,World Bank Jakarta,Litbang,PkM,AG,2024-02-01,2027-01-31,Aktif,2024,2026-05-13T19:21:14+07:00
KJS690c76e3,MoU,World Bank Jakarta,Industri,PkM,FIS,2019-07-23,2021-07-22,Tidak Aktif,2019,2026-05-13T19:21:14+07:00
KJSd42ddf82,PKS,PT PLN,Pemerintah,Semua,AR,2023-10-21,2024-10-20,Tidak Aktif,2023,2026-05-13T19:21:14+07:00
KJS461fa6f3,MoU,ITB,Industri,Semua,TP,2019-08-24,2024-08-22,Tidak Aktif,2019,2026-05-13T19:21:14+07:00
KJSddf0c1a7,MoU,LIPI,Pemerintah,Semua,SI,2025-01-11,2027-01-11,Aktif,2025,2026-05-13T19:21:14+07:00
KJS50a33d13,MoU,Politeknik Negeri Lampung,PT_LN,MBKM,TK,2024-09-18,2025-09-18,Tidak Aktif,2024,2026-05-13T19:21:14+07:00
KJS4178695a,PKS,Universitas Indonesia,PT_DN,Penelitian,MTK,2019-04-10,2022-04-09,Tidak Aktif,2019,2026-05-13T19:21:14+07:00
KJSf7278771,MoU,Unila,Industri,Semua,TS,2020-08-31,2025-08-30,Tidak Aktif,2020,2026-05-13T19:21:14+07:00
KJS2b28f2e4,PKS,Unila,Industri,PkM,TM,2023-04-15,2024-04-14,Tidak Aktif,2023,2026-05-13T19:21:14+07:00
KJSe157a21e,MoU,ITB,Litbang,Semua,TK,2021-01-01,2022-01-01,Tidak Aktif,2021,2026-05-13T19:21:14+07:00
KJS36527e01,MoU,Universitas Lampung,Litbang,Penelitian,IF,2025-02-19,2028-02-19,Aktif,2025,2026-05-13T19:21:14+07:00
KJS90ae165c,MoU,UGM,PT_DN,MBKM,TL,2023-01-12,2026-01-11,Tidak Aktif,2023,2026-05-13T19:21:14+07:00
KJSa47ec225,MoU,NUS Singapore,Litbang,Pendidikan,AG,2020-10-08,2023-10-08,Tidak Aktif,2020,2026-05-13T19:21:14+07:00
KJS1a5fc48a,MoU,Politeknik Negeri Lampung,PT_DN,PkM,MTK,2021-02-16,2022-02-16,Tidak Aktif,2021,2026-05-13T19:21:14+07:00
KJS458b5b84,PKS,PT PLN,PT_DN,MBKM,GL,2022-05-26,2027-05-25,Aktif,2022,2026-05-13T19:21:14+07:00
KJS8ffb2d24,PKS,BMKG,Litbang,PkM,TLK,2024-05-29,2029-05-28,Aktif,2024,2026-05-13T19:21:14+07:00
KJS31018661,MoU,Toyota Motor Manufacturing,PT_DN,PkM,AR,2024-01-23,2029-01-21,Aktif,2024,2026-05-13T19:21:14+07:00
KJS7cb74384,PKS,IPB University,Pemerintah,Pendidikan,SI,2019-05-21,2024-05-19,Tidak Aktif,2019,2026-05-13T19:21:14+07:00
KJSc8552acc,PKS,World Bank Jakarta,PT_DN,Semua,TM,2023-10-28,2025-10-27,Tidak Aktif,2023,2026-05-13T19:21:14+07:00
KJS32722a85,PKS,Bank Indonesia,Industri,Pendidikan,TE,2024-09-16,2025-09-16,Tidak Aktif,2024,2026-05-13T19:21:14+07:00
KJS64bb1d70,PKS,ITB,PT_LN,Penelitian,AR,2019-12-18,2022-12-17,Tidak Aktif,2019,2026-05-13T19:21:14+07:00
KJS7b9fb17f,PKS,PT PLN,PT_LN,PkM,IF,2024-03-04,2026-03-04,Tidak Aktif,2024,2026-05-13T19:21:14+07:00
KJS108feab5,PKS,IPB University,Industri,Pendidikan,KIM,2024-08-24,2026-08-24,Aktif,2024,2026-05-13T19:21:14+07:00
KJSc72f0c7d,MoU,Telkom University,PT_LN,Pendidikan,TK,2020-08-28,2021-08-28,Tidak Aktif,2020,2026-05-13T19:21:14+07:00
KJS888b82b4,MoU,Toyota Motor Manufacturing,Industri,PkM,GD,2019-02-16,2020-02-16,Tidak Aktif,2019,2026-05-13T19:21:14+07:00
KJS91433a68,PKS,PT PLN,PT_DN,Penelitian,FIS,2022-02-07,2023-02-07,Tidak Aktif,2022,2026-05-13T19:21:14+07:00
KJS5ac605bb,MoU,Universitas Lampung,Litbang,Semua,MB,2024-03-28,2025-03-28,Tidak Aktif,2024,2026-05-13T19:21:14+07:00
KJSed01d5d9,PKS,PT Astra International,PT_DN,PkM,FIS,2025-07-23,2026-07-23,Aktif,2025,2026-05-13T19:21:14+07:00
KJSd6b613e7,PKS,BMKG,Industri,Pendidikan,TL,2019-03-17,2022-03-16,Tidak Aktif,2019,2026-05-13T19:21:14+07:00
KJS3440141d,PKS,Telkom University,Litbang,MBKM,TM,2022-04-05,2025-04-04,Tidak Aktif,2022,2026-05-13T19:21:14+07:00
KJS68b46c0b,MoU,Universitas Indonesia,Pemerintah,Semua,TK,2022-12-18,2025-12-17,Tidak Aktif,2022,2026-05-13T19:21:14+07:00
KJS55ff96fd,PKS,Universiti Malaya,Industri,PkM,MB,2020-12-05,2023-12-05,Tidak Aktif,2020,2026-05-13T19:21:14+07:00
KJS088feb26,MoU,PT PLN,Industri,MBKM,,2019-08-14,2021-08-13,Tidak Aktif,2019,2026-05-13T19:21:14+07:00
KJSab08c3ef,PKS,NUS Singapore,Pemerintah,Semua,TM,2022-06-25,2027-06-24,Aktif,2022,2026-05-13T19:21:14+07:00
KJSbacf726c,MoU,Universitas Lampung,Industri,Semua,TS,2020-10-06,2021-10-06,Tidak Aktif,2020,2026-05-13T19:21:14+07:00
KJS5d905bc2,PKS,TU Delft,Pemerintah,Pendidikan,MB,2025-06-17,2028-06-16,Aktif,2025,2026-05-13T19:21:14+07:00
KJS97fa6aa9,MoU,Unila,Pemerintah,Semua,TLK,2024-07-29,2029-07-28,Aktif,2024,2026-05-13T19:21:14+07:00
KJSd51ceffd,PKS,Politeknik Negeri Lampung,Pemerintah,MBKM,BIO,2021-01-24,2023-01-24,Tidak Aktif,2021,2026-05-13T19:21:14+07:00
KJS716eff2d,PKS,PT Astra International,Pemerintah,Penelitian,FT,2020-02-07,2021-02-06,Tidak Aktif,2020,2026-05-13T19:21:14+07:00
KJS4ad3d4e0,MoU,PT Astra International,Pemerintah,Penelitian,MTK,2021-03-01,2023-03-01,Tidak Aktif,2021,2026-05-13T19:21:14+07:00
KJS04747a34,MoU,Universitas Indonesia,Pemerintah,Semua,TG,2021-12-17,2023-12-17,Tidak Aktif,2021,2026-05-13T19:21:14+07:00
KJS2934ed47,MoU,UGM,Pemerintah,PkM,GL,2023-03-04,2025-03-03,Tidak Aktif,2023,2026-05-13T19:21:14+07:00
KJS4619b3d9,MoU,PT Telkom Indonesia,Pemerintah,PkM,IF,2019-04-13,2024-04-11,Tidak Aktif,2019,2026-05-13T19:21:14+07:00
KJS1ac8b4f1,PKS,BPS Lampung,Industri,Penelitian,SK,2024-03-03,2029-03-02,Aktif,2024,2026-05-13T19:21:14+07:00
KJS9b31c650,PKS,UNDP Indonesia,Industri,Penelitian,,2019-01-12,2021-01-11,Tidak Aktif,2019,2026-05-13T19:21:14+07:00
KJS175a10e5,PKS,World Bank Jakarta,PT_DN,PkM,FT,2020-12-02,2023-12-02,Tidak Aktif,2020,2026-05-13T19:21:14+07:00
KJS54f87bd6,PKS,Google Indonesia,PT_LN,Pendidikan,AG,2019-03-12,2021-03-11,Tidak Aktif,2019,2026-05-13T19:21:14+07:00
KJS8419ccf9,MoU,PT Astra International,PT_DN,PkM,TG,2024-08-15,2027-08-15,Aktif,2024,2026-05-13T19:21:14+07:00
KJS5529d6a8,MoU,IPB University,PT_DN,Pendidikan,FIS,2025-06-18,2030-06-17,Aktif,2025,2026-05-13T19:21:14+07:00
KJS799c493a,MoU,PT PLN,PT_DN,Penelitian,IF,2023-01-31,2025-01-30,Tidak Aktif,2023,2026-05-13T19:21:14+07:00
KJSf79f7ee2,PKS,PT Pertamina,Pemerintah,PkM,TS,2023-05-23,2026-05-22,Aktif,2023,2026-05-13T19:21:14+07:00
KJSca71db5b,MoU,Universiti Malaya,PT_DN,Penelitian,TM,2024-05-17,2029-05-16,Aktif,2024,2026-05-13T19:21:14+07:00
KJSa3243137,PKS,BPS Lampung,PT_LN,Penelitian,TL,2022-02-09,2023-02-09,Tidak Aktif,2022,2026-05-13T19:21:14+07:00
KJSdd1ca365,PKS,Unila,Industri,Pendidikan,SI,2019-01-27,2024-01-26,Tidak Aktif,2019,2026-05-13T19:21:14+07:00
KJS8dcd2058,MoU,PT PLN,PT_DN,Semua,TI,2023-07-19,2024-07-18,Tidak Aktif,2023,2026-05-13T19:21:14+07:00
KJS9637676b,PKS,Universiti Malaya,PT_LN,PkM,,2019-06-07,2022-06-06,Tidak Aktif,2019,2026-05-13T19:21:14+07:00
KJS7db39785,PKS,JICA Indonesia,PT_LN,MBKM,GL,2019-06-23,2022-06-22,Tidak Aktif,2019,2026-05-13T19:21:14+07:00
KJS6af473c7,MoU,Telkom University,Industri,PkM,TG,2025-03-04,2028-03-03,Aktif,2025,2026-05-13T19:21:14+07:00
KJSd61fd296,PKS,Universiti Malaya,Pemerintah,Semua,TI,2020-10-26,2022-10-26,Tidak Aktif,2020,2026-05-13T19:21:14+07:00
KJS32c5d548,PKS,UNDP Indonesia,PT_DN,Pendidikan,AR,2020-10-09,2023-10-09,Tidak Aktif,2020,2026-05-13T19:21:14+07:00
KJS7f4e4663,PKS,PT Telkom Indonesia,Pemerintah,Pendidikan,TI,2020-12-02,2023-12-02,Tidak Aktif,2020,2026-05-13T19:21:14+07:00
KJS04e3a6cf,MoU,Toyota Motor Manufacturing,PT_DN,Pendidikan,GL,2023-03-29,2024-03-28,Tidak Aktif,2023,2026-05-13T19:21:14+07:00
KJS8370187d,PKS,Unsri,Pemerintah,Pendidikan,GD,2025-07-16,2027-07-16,Aktif,2025,2026-05-13T19:21:14+07:00
KJS4033dd82,PKS,Unila,PT_LN,PkM,TE,2021-10-10,2023-10-10,Tidak Aktif,2021,2026-05-13T19:21:14+07:00
KJS7a511437,PKS,BRIN,PT_LN,Pendidikan,TK,2024-09-16,2027-09-16,Aktif,2024,2026-05-13T19:21:14+07:00
KJSec8f8a5f,MoU,JICA Indonesia,PT_DN,Penelitian,FIS,2023-06-01,2026-05-31,Aktif,2023,2026-05-13T19:21:14+07:00
KJS0f34e2c1,MoU,UNDP Indonesia,PT_LN,MBKM,TLK,2021-03-08,2024-03-07,Tidak Aktif,2021,2026-05-13T19:21:14+07:00
KJSb3d889fd,PKS,Toyota Motor Manufacturing,Industri,Semua,MB,2020-01-17,2022-01-16,Tidak Aktif,2020,2026-05-13T19:21:14+07:00
KJS4b1a89df,MoU,BPS Lampung,PT_LN,PkM,AG,2024-11-20,2025-11-20,Tidak Aktif,2024,2026-05-13T19:21:14+07:00
KJS9976c553,MoU,Huawei Indonesia,Litbang,Pendidikan,KIM,2021-02-24,2026-02-23,Tidak Aktif,2021,2026-05-13T19:21:14+07:00
KJSf05c6b9a,MoU,Unsri,PT_DN,MBKM,TG,2025-02-03,2028-02-03,Aktif,2025,2026-05-13T19:21:14+07:00
KJS6b426574,MoU,ITS,Litbang,MBKM,TL,2019-05-03,2021-05-02,Tidak Aktif,2019,2026-05-13T19:21:14+07:00
KJS5b9e7e3b,PKS,PT Telkom Indonesia,PT_LN,Semua,IF,2019-11-25,2021-11-24,Tidak Aktif,2019,2026-05-13T19:21:14+07:00
KJSc156950e,PKS,JICA Indonesia,PT_LN,PkM,SK,2025-12-20,2026-12-20,Aktif,2025,2026-05-13T19:21:14+07:00
KJSd2d5c824,MoU,Osaka University,PT_DN,PkM,TLK,2025-05-26,2026-05-26,Aktif,2025,2026-05-13T19:21:14+07:00
KJS5cd8755c,PKS,LIPI,Industri,Semua,GD,2023-08-17,2028-08-15,Aktif,2023,2026-05-13T19:21:14+07:00
KJS6322f3b0,MoU,PT Bukit Asam,PT_LN,Semua,SI,2023-08-25,2024-08-24,Tidak Aktif,2023,2026-05-13T19:21:14+07:00
KJSc35f6d50,MoU,Unila,PT_DN,Pendidikan,SK,2025-09-27,2030-09-26,Aktif,2025,2026-05-13T19:21:14+07:00
KJS0843f499,PKS,LIPI,PT_LN,MBKM,FT,2020-04-02,2025-04-01,Tidak Aktif,2020,2026-05-13T19:21:14+07:00
KJSbafd1a79,PKS,BMKG,Pemerintah,MBKM,AG,2019-05-08,2020-05-07,Tidak Aktif,2019,2026-05-13T19:21:14+07:00
KJS82b0d85d,PKS,TU Delft,Pemerintah,Pendidikan,TM,2021-02-16,2026-02-15,Tidak Aktif,2021,2026-05-13T19:21:14+07:00
KJS05b37824,PKS,PT Pertamina,Litbang,MBKM,IF,2022-11-29,2024-11-28,Tidak Aktif,2022,2026-05-13T19:21:14+07:00
KJS34cc2e1b,PKS,Toyota Motor Manufacturing,Industri,MBKM,MTK,2021-05-31,2024-05-30,Tidak Aktif,2021,2026-05-13T19:21:14+07:00
KJS218656cb,MoU,Telkom University,Pemerintah,MBKM,TS,2019-02-11,2022-02-10,Tidak Aktif,2019,2026-05-13T19:21:14+07:00
KJSbf67607b,MoU,BPS Lampung,Litbang,Pendidikan,FIS,2025-07-24,2030-07-23,Aktif,2025,2026-05-13T19:21:14+07:00
KJS1db45823,MoU,JICA Indonesia,PT_DN,Penelitian,TI,2024-08-03,2027-08-03,Aktif,2024,2026-05-13T19:21:14+07:00
KJS54b5e552,PKS,World Bank Jakarta,Pemerintah,PkM,MB,2021-10-30,2024-10-29,Tidak Aktif,2021,2026-05-13T19:21:14+07:00
KJS368e6e74,MoU,Universitas Indonesia,Pemerintah,Semua,TS,2025-03-11,2030-03-10,Aktif,2025,2026-05-13T19:21:14+07:00
KJS8dad47c1,PKS,PT Astra International,Pemerintah,PkM,TE,2023-09-16,2028-09-14,Aktif,2023,2026-05-13T19:21:14+07:00
KJSc5c6a95d,MoU,BPS Lampung,Pemerintah,Penelitian,TG,2025-02-27,2030-02-26,Aktif,2025,2026-05-13T19:21:14+07:00
KJSe9bfa0c4,PKS,NUS Singapore,Litbang,MBKM,GD,2024-02-09,2026-02-08,Tidak Aktif,2024,2026-05-13T19:21:14+07:00
KJSd268fdf0,PKS,IPB University,Industri,Penelitian,MB,2025-03-04,2026-03-04,Tidak Aktif,2025,2026-05-13T19:21:14+07:00
KJS98d7bf1a,MoU,Universiti Malaya,Pemerintah,PkM,TG,2020-06-09,2023-06-09,Tidak Aktif,2020,2026-05-13T19:21:14+07:00
KJS402fed6c,MoU,Universiti Malaya,PT_LN,PkM,FT,2021-02-27,2026-02-26,Tidak Aktif,2021,2026-05-13T19:21:14+07:00
KJS21712e75,MoU,Universitas Indonesia,PT_LN,Pendidikan,AG,2021-06-14,2023-06-14,Tidak Aktif,2021,2026-05-13T19:21:14+07:00
KJS56f31f89,PKS,Universiti Malaya,Litbang,Pendidikan,BIO,2023-10-11,2024-10-10,Tidak Aktif,2023,2026-05-13T19:21:14+07:00
KJS51277c05,PKS,ITS,Industri,Penelitian,TL,2023-06-14,2024-06-13,Tidak Aktif,2023,2026-05-13T19:21:14+07:00
KJSc18d064a,MoU,UGM,Litbang,Pendidikan,TP,2020-10-04,2021-10-04,Tidak Aktif,2020,2026-05-13T19:21:14+07:00
KJS4cd4be01,MoU,PT PLN,Industri,PkM,TM,2023-11-14,2026-11-13,Aktif,2023,2026-05-13T19:21:14+07:00
KJSef38b59b,MoU,NUS Singapore,Litbang,Penelitian,TI,2019-05-10,2024-05-08,Tidak Aktif,2019,2026-05-13T19:21:14+07:00
KJS1f22ffff,PKS,Huawei Indonesia,PT_DN,Semua,TM,2025-09-21,2028-09-20,Aktif,2025,2026-05-13T19:21:14+07:00
KJS80e8acaa,MoU,Universitas Indonesia,PT_DN,Semua,TI,2024-09-30,2026-09-30,Aktif,2024,2026-05-13T19:21:14+07:00
KJS3a59c633,PKS,ITB,PT_LN,Semua,MB,2023-02-16,2025-02-15,Tidak Aktif,2023,2026-05-13T19:21:14+07:00
KJS65ce58a0,MoU,Google Indonesia,PT_DN,Penelitian,TP,2025-05-22,2030-05-21,Aktif,2025,2026-05-13T19:21:14+07:00
KJS22be82a5,PKS,Universiti Malaya,Litbang,Penelitian,TK,2024-11-26,2027-11-26,Aktif,2024,2026-05-13T19:21:14+07:00
KJS6d079431,MoU,ITS,PT_LN,Penelitian,TP,2021-06-09,2026-06-08,Aktif,2021,2026-05-13T19:21:14+07:00
KJS1a628523,PKS,Huawei Indonesia,Pemerintah,Semua,TK,2019-09-27,2021-09-26,Tidak Aktif,2019,2026-05-13T19:21:14+07:00
KJS016ffcf6,MoU,ITS,Litbang,Pendidikan,KIM,2023-06-01,2025-05-31,Tidak Aktif,2023,2026-05-13T19:21:14+07:00
KJSd50e4d61,MoU,Osaka University,PT_DN,MBKM,TK,2025-04-06,2030-04-05,Aktif,2025,2026-05-13T19:21:14+07:00
KJS3b893cc1,MoU,NUS Singapore,Litbang,MBKM,PWK,2023-07-18,2024-07-17,Tidak Aktif,2023,2026-05-13T19:21:14+07:00
KJSec9cc26d,MoU,PT PLN,Litbang,Semua,TL,2022-08-12,2025-08-11,Tidak Aktif,2022,2026-05-13T19:21:14+07:00
KJSdba81844,PKS,Unsri,PT_DN,Penelitian,TS,2020-07-12,2023-07-12,Tidak Aktif,2020,2026-05-13T19:21:14+07:00
KJS8f298abb,MoU,BMKG,Litbang,PkM,SK,2022-07-28,2024-07-27,Tidak Aktif,2022,2026-05-13T19:21:14+07:00
KJS10ba83ec,MoU,IPB University,Pemerintah,PkM,TK,2022-12-14,2023-12-14,Tidak Aktif,2022,2026-05-13T19:21:14+07:00
KJS12269d24,MoU,Kyushu University,Industri,Penelitian,TLK,2024-06-05,2027-06-05,Aktif,2024,2026-05-13T19:21:14+07:00
KJS8befb4bf,MoU,PT Telkom Indonesia,PT_LN,PkM,TG,2021-06-16,2023-06-16,Tidak Aktif,2021,2026-05-13T19:21:14+07:00
KJS3c091880,MoU,Telkom University,Pemerintah,Pendidikan,,2022-11-02,2027-11-01,Aktif,2022,2026-05-13T19:21:14+07:00
KJS8fd4539a,MoU,Universiti Malaya,Pemerintah,Penelitian,PWK,2022-04-03,2025-04-02,Tidak Aktif,2022,2026-05-13T19:21:14+07:00
KJS0f78193b,PKS,PT Pertamina,Litbang,PkM,TP,2022-09-17,2025-09-16,Tidak Aktif,2022,2026-05-13T19:21:14+07:00
KJSf7c6e7bb,MoU,Politeknik Negeri Lampung,Pemerintah,MBKM,GL,2025-10-31,2028-10-30,Aktif,2025,2026-05-13T19:21:14+07:00
KJSa04885ed,PKS,ITS,PT_DN,Pendidikan,IF,2024-08-30,2027-08-30,Aktif,2024,2026-05-13T19:21:14+07:00
KJSc6c0068c,MoU,LIPI,Litbang,PkM,GD,2022-07-21,2023-07-21,Tidak Aktif,2022,2026-05-13T19:21:14+07:00
KJSf826ccfe,PKS,ITS,PT_LN,MBKM,,2023-04-09,2026-04-08,Tidak Aktif,2023,2026-05-13T19:21:14+07:00
KJSecdf28aa,PKS,Unila,PT_DN,MBKM,,2020-12-11,2025-12-10,Tidak Aktif,2020,2026-05-13T19:21:14+07:00
KJSebb47042,MoU,Chulalongkorn University,Industri,PkM,TL,2024-07-09,2027-07-09,Aktif,2024,2026-05-13T19:21:14+07:00
KJSc48cf968,PKS,World Bank Jakarta,PT_DN,MBKM,SK,2021-09-23,2026-09-22,Aktif,2021,2026-05-13T19:21:14+07:00
KJS1f6702ee,PKS,BRIN,Litbang,Penelitian,,2022-04-21,2027-04-20,Aktif,2022,2026-05-13T19:21:14+07:00
KJS10cec3d1,MoU,Universitas Lampung,Pemerintah,Semua,TI,2021-11-17,2024-11-16,Tidak Aktif,2021,2026-05-13T19:21:14+07:00
KJScd73b90a,PKS,PT PLN,Litbang,Pendidikan,GD,2024-11-29,2029-11-28,Aktif,2024,2026-05-13T19:21:14+07:00
KJS9d5b5e5b,MoU,UNDP Indonesia,PT_LN,Penelitian,TE,2022-04-26,2025-04-25,Tidak Aktif,2022,2026-05-13T19:21:14+07:00
KJS1ec975b2,PKS,Huawei Indonesia,PT_DN,PkM,TG,2025-10-14,2028-10-13,Aktif,2025,2026-05-13T19:21:14+07:00
KJSb6d25a6c,PKS,Huawei Indonesia,Pemerintah,MBKM,BIO,2021-09-10,2024-09-09,Tidak Aktif,2021,2026-05-13T19:21:14+07:00
KJSc712c9e7,PKS,Bank Indonesia,Industri,Semua,BIO,2020-01-29,2022-01-28,Tidak Aktif,2020,2026-05-13T19:21:14+07:00
KJSd10e06ac,MoU,Kyushu University,Pemerintah,Semua,IF,2020-01-14,2022-01-13,Tidak Aktif,2020,2026-05-13T19:21:14+07:00
KJS0e6bd7ad,PKS,Osaka University,Pemerintah,PkM,MB,2022-11-05,2027-11-04,Aktif,2022,2026-05-13T19:21:14+07:00
KJS62b8ca82,PKS,Universitas Indonesia,PT_LN,Pendidikan,AG,2019-10-10,2020-10-09,Tidak Aktif,2019,2026-05-13T19:21:14+07:00
KJS1875c95d,PKS,PT Pertamina,Litbang,MBKM,FIS,2024-06-03,2026-06-03,Aktif,2024,2026-05-13T19:21:14+07:00
KJS051f4137,PKS,Chulalongkorn University,Litbang,PkM,KIM,2019-11-15,2021-11-14,Tidak Aktif,2019,2026-05-13T19:21:14+07:00
KJS2af65687,MoU,Huawei Indonesia,Pemerintah,PkM,AR,2019-07-02,2021-07-01,Tidak Aktif,2019,2026-05-13T19:21:14+07:00
KJS9d7e65e3,PKS,Telkom University,PT_DN,Semua,TS,2023-03-22,2024-03-21,Tidak Aktif,2023,2026-05-13T19:21:14+07:00
KJS10276859,PKS,PT PLN,PT_LN,Pendidikan,TM,2022-09-24,2023-09-24,Tidak Aktif,2022,2026-05-13T19:21:14+07:00
KJSe9a11ac2,PKS,BMKG,Pemerintah,Penelitian,TL,2023-01-02,2024-01-02,Tidak Aktif,2023,2026-05-13T19:21:14+07:00
KJS61708fa1,PKS,PT PLN,PT_DN,MBKM,KIM,2021-09-30,2022-09-30,Tidak Aktif,2021,2026-05-13T19:21:14+07:00
KJSb6095aee,PKS,JICA Indonesia,PT_DN,Semua,KIM,2020-09-20,2023-09-20,Tidak Aktif,2020,2026-05-13T19:21:14+07:00
KJS5a369677,PKS,Universiti Malaya,PT_DN,Pendidikan,BIO,2021-02-11,2024-02-11,Tidak Aktif,2021,2026-05-13T19:21:14+07:00
KJS46aba559,MoU,JICA Indonesia,Industri,Penelitian,GD,2022-01-29,2025-01-28,Tidak Aktif,2022,2026-05-13T19:21:14+07:00
KJSf2c7e430,PKS,Unsri,Industri,MBKM,TS,2025-05-16,2030-05-15,Aktif,2025,2026-05-13T19:21:14+07:00
KJS7a7cd476,MoU,Google Indonesia,PT_DN,Pendidikan,SI,2025-09-28,2030-09-27,Aktif,2025,2026-05-13T19:21:14+07:00
KJSc10c7824,PKS,Kyushu University,Pemerintah,PkM,,2022-08-15,2027-08-14,Aktif,2022,2026-05-13T19:21:14+07:00
KJS08320b2f,PKS,Unila,Pemerintah,Penelitian,KIM,2020-11-14,2021-11-14,Tidak Aktif,2020,2026-05-13T19:21:14+07:00
KJS0dcbdeaa,PKS,World Bank Jakarta,Pemerintah,Pendidikan,TG,2021-04-23,2023-04-23,Tidak Aktif,2021,2026-05-13T19:21:14+07:00
KJS1d1a26d3,PKS,Unila,Pemerintah,Penelitian,IF,2025-02-03,2026-02-03,Tidak Aktif,2025,2026-05-13T19:21:14+07:00
KJS5fb1c932,MoU,PT Telkom Indonesia,Industri,Pendidikan,TE,2025-11-23,2027-11-23,Aktif,2025,2026-05-13T19:21:14+07:00
KJS9da8141a,MoU,Osaka University,Industri,Pendidikan,GD,2021-05-19,2022-05-19,Tidak Aktif,2021,2026-05-13T19:21:14+07:00
KJS4ee12816,PKS,Universitas Indonesia,PT_LN,Penelitian,TLK,2023-01-30,2025-01-29,Tidak Aktif,2023,2026-05-13T19:21:14+07:00
KJS4dd32b41,PKS,TU Delft,Pemerintah,Semua,TG,2025-03-22,2028-03-21,Aktif,2025,2026-05-13T19:21:14+07:00
KJS383dbe8c,MoU,ITB,Industri,Semua,MB,2023-10-04,2028-10-02,Aktif,2023,2026-05-13T19:21:14+07:00
KJSd78e0471,MoU,PT Pertamina,PT_LN,Semua,SI,2022-12-01,2027-11-30,Aktif,2022,2026-05-13T19:21:14+07:00
KJS75b50ef2,MoU,BRIN,Pemerintah,Semua,PWK,2024-02-16,2027-02-15,Aktif,2024,2026-05-13T19:21:14+07:00
KJS7ae511d1,PKS,JICA Indonesia,Litbang,PkM,TL,2025-03-14,2027-03-14,Aktif,2025,2026-05-13T19:21:14+07:00
KJS3104c9ff,MoU,Google Indonesia,Industri,PkM,TG,2024-10-30,2027-10-30,Aktif,2024,2026-05-13T19:21:14+07:00
KJSf1a8392a,PKS,ITS,PT_LN,PkM,MB,2019-01-15,2022-01-14,Tidak Aktif,2019,2026-05-13T19:21:14+07:00
KJSe48bbbed,MoU,BMKG,PT_DN,MBKM,MB,2019-05-29,2021-05-28,Tidak Aktif,2019,2026-05-13T19:21:14+07:00
KJSb4cb9b87,MoU,PT Bukit Asam,Industri,Penelitian,TG,2025-04-01,2028-03-31,Aktif,2025,2026-05-13T19:21:14+07:00
KJSe9644db3,PKS,Politeknik Negeri Lampung,Litbang,Penelitian,PWK,2024-02-22,2025-02-21,Tidak Aktif,2024,2026-05-13T19:21:14+07:00
KJS3142c8fd,PKS,PT Pertamina,Litbang,Semua,TLK,2024-01-15,2027-01-14,Aktif,2024,2026-05-13T19:21:14+07:00
KJScd7b4ec2,PKS,Universitas Lampung,Litbang,Pendidikan,TS,2021-10-11,2026-10-10,Aktif,2021,2026-05-13T19:21:14+07:00
KJS43da69be,PKS,JICA Indonesia,Pemerintah,Penelitian,KIM,2022-10-08,2024-10-07,Tidak Aktif,2022,2026-05-13T19:21:14+07:00
KJS4a0261f5,PKS,Huawei Indonesia,Pemerintah,Penelitian,AG,2020-03-17,2022-03-17,Tidak Aktif,2020,2026-05-13T19:21:14+07:00
KJS9f95910d,PKS,Kyushu University,PT_LN,MBKM,TK,2022-01-21,2025-01-20,Tidak Aktif,2022,2026-05-13T19:21:14+07:00
KJS9f8265fb,PKS,Universitas Lampung,Pemerintah,MBKM,IF,2019-04-16,2021-04-15,Tidak Aktif,2019,2026-05-13T19:21:14+07:00
KJS962c535a,MoU,Universitas Indonesia,Litbang,Penelitian,PWK,2023-11-26,2026-11-25,Aktif,2023,2026-05-13T19:21:14+07:00
KJS9a0ece1f,PKS,JICA Indonesia,PT_DN,MBKM,MB,2020-12-24,2025-12-23,Tidak Aktif,2020,2026-05-13T19:21:14+07:00
KJSa38b9c7f,PKS,BRIN,PT_DN,Semua,TP,2019-11-13,2020-11-12,Tidak Aktif,2019,2026-05-13T19:21:14+07:00
KJS4f7a8700,PKS,LIPI,Pemerintah,Pendidikan,KIM,2025-06-01,2030-05-31,Aktif,2025,2026-05-13T19:21:14+07:00
KJS1bc60a19,PKS,Politeknik Negeri Lampung,Litbang,PkM,,2019-09-15,2022-09-14,Tidak Aktif,2019,2026-05-13T19:21:14+07:00
KJSc133a926,PKS,PT Telkom Indonesia,PT_DN,PkM,GD,2024-12-16,2025-12-16,Tidak Aktif,2024,2026-05-13T19:21:14+07:00
KJS95a61ca8,MoU,Huawei Indonesia,PT_DN,Pendidikan,AG,2024-10-24,2029-10-23,Aktif,2024,2026-05-13T19:21:14+07:00
KJSe9000db6,PKS,World Bank Jakarta,PT_LN,Semua,TS,2019-08-25,2022-08-24,Tidak Aktif,2019,2026-05-13T19:21:14+07:00
KJSc8297909,MoU,Google Indonesia,PT_LN,Semua,PWK,2025-02-09,2027-02-09,Aktif,2025,2026-05-13T19:21:14+07:00
KJS4504c061,PKS,BRIN,PT_LN,Penelitian,TK,2022-06-12,2023-06-12,Tidak Aktif,2022,2026-05-13T19:21:14+07:00
KJS2be4859e,PKS,Universitas Lampung,Industri,PkM,TI,2020-11-20,2025-11-19,Tidak Aktif,2020,2026-05-13T19:21:14+07:00
KJS889f3073,PKS,Unsri,Pemerintah,PkM,IF,2022-08-16,2025-08-15,Tidak Aktif,2022,2026-05-13T19:21:14+07:00
KJS89d8ac70,MoU,PT PLN,Industri,Penelitian,IF,2023-12-13,2026-12-12,Aktif,2023,2026-05-13T19:21:14+07:00
KJSf1cc3db0,MoU,BMKG,Litbang,Semua,SK,2021-08-12,2022-08-12,Tidak Aktif,2021,2026-05-13T19:21:14+07:00
KJS18b91e87,PKS,IPB University,Litbang,PkM,FIS,2019-02-11,2021-02-10,Tidak Aktif,2019,2026-05-13T19:21:14+07:00
KJSe08b60a5,PKS,UGM,PT_LN,Semua,MB,2022-05-13,2023-05-13,Tidak Aktif,2022,2026-05-13T19:21:14+07:00
KJS6558ba14,PKS,Universitas Indonesia,Pemerintah,Pendidikan,KIM,2025-03-20,2027-03-20,Aktif,2025,2026-05-13T19:21:14+07:00
KJSbb82004e,PKS,Chulalongkorn University,Industri,Penelitian,GL,2024-12-16,2027-12-16,Aktif,2024,2026-05-13T19:21:14+07:00
KJS8bf8c084,PKS,IPB University,Litbang,MBKM,PWK,2020-03-22,2025-03-21,Tidak Aktif,2020,2026-05-13T19:21:14+07:00
KJSaaaebdf6,PKS,ITB,Industri,Semua,BIO,2023-07-24,2028-07-22,Aktif,2023,2026-05-13T19:21:14+07:00
KJScccbf186,MoU,Toyota Motor Manufacturing,Pemerintah,Pendidikan,TI,2021-03-23,2024-03-22,Tidak Aktif,2021,2026-05-13T19:21:14+07:00
KJS5d580a93,MoU,Politeknik Negeri Lampung,Industri,PkM,TS,2024-10-11,2029-10-10,Aktif,2024,2026-05-13T19:21:14+07:00
KJS5dfa3bff,MoU,Bank Indonesia,PT_DN,PkM,MTK,2023-10-16,2028-10-14,Aktif,2023,2026-05-13T19:21:14+07:00
KJSd1a35559,MoU,Universitas Lampung,Industri,Penelitian,KIM,2019-03-26,2020-03-25,Tidak Aktif,2019,2026-05-13T19:21:14+07:00
KJS68c1f323,MoU,BMKG,Litbang,MBKM,GD,2024-06-05,2029-06-04,Aktif,2024,2026-05-13T19:21:14+07:00
KJSee90c229,MoU,Universitas Lampung,Industri,Penelitian,TS,2021-06-14,2024-06-13,Tidak Aktif,2021,2026-05-13T19:21:14+07:00
KJSad9a16e4,PKS,NUS Singapore,Pemerintah,Semua,MB,2024-12-02,2027-12-02,Aktif,2024,2026-05-13T19:21:14+07:00
KJSc2d1421d,MoU,Kyushu University,PT_DN,PkM,MTK,2021-09-28,2024-09-27,Tidak Aktif,2021,2026-05-13T19:21:14+07:00
KJS53830188,PKS,Toyota Motor Manufacturing,Industri,MBKM,,2025-07-24,2030-07-23,Aktif,2025,2026-05-13T19:21:14+07:00
KJS824bae50,PKS,PT Astra International,Litbang,MBKM,MB,2019-09-02,2024-08-31,Tidak Aktif,2019,2026-05-13T19:21:14+07:00
KJS711539ab,MoU,Bank Indonesia,Litbang,MBKM,MB,2024-07-30,2026-07-30,Aktif,2024,2026-05-13T19:21:14+07:00
KJS230ae748,PKS,BRIN,Industri,MBKM,FIS,2022-04-03,2024-04-02,Tidak Aktif,2022,2026-05-13T19:21:14+07:00
KJSc220fd14,MoU,Google Indonesia,PT_LN,Pendidikan,AR,2022-07-01,2027-06-30,Aktif,2022,2026-05-13T19:21:14+07:00
KJSaf8e6aa8,MoU,Universiti Malaya,Pemerintah,Semua,,2021-12-26,2022-12-26,Tidak Aktif,2021,2026-05-13T19:21:14+07:00
KJSb92fc3bf,MoU,Universitas Lampung,PT_LN,MBKM,,2020-03-20,2023-03-20,Tidak Aktif,2020,2026-05-13T19:21:14+07:00
KJS3f5f0d27,PKS,Huawei Indonesia,PT_DN,Penelitian,TM,2022-07-09,2025-07-08,Tidak Aktif,2022,2026-05-13T19:21:14+07:00
KJS4dfa284a,MoU,Osaka University,Industri,Semua,FT,2019-06-14,2022-06-13,Tidak Aktif,2019,2026-05-13T19:21:14+07:00
KJS4dfcc641,PKS,PT Pertamina,Pemerintah,Penelitian,TK,2022-12-14,2023-12-14,Tidak Aktif,2022,2026-05-13T19:21:14+07:00
KJS60c2cea7,MoU,IPB University,PT_LN,Penelitian,TG,2023-01-30,2028-01-29,Aktif,2023,2026-05-13T19:21:14+07:00
KJSfd5bc955,PKS,Universiti Malaya,PT_DN,Semua,TK,2021-08-28,2026-08-27,Aktif,2021,2026-05-13T19:21:14+07:00
KJSd8d2f30f,MoU,Unila,Litbang,PkM,TM,2021-02-17,2023-02-17,Tidak Aktif,2021,2026-05-13T19:21:14+07:00
KJSf4552a32,PKS,BMKG,PT_LN,Penelitian,TI,2024-03-25,2029-03-24,Aktif,2024,2026-05-13T19:21:14+07:00
KJS971b2ea5,MoU,Kyushu University,PT_DN,PkM,TS,2020-10-21,2022-10-21,Tidak Aktif,2020,2026-05-13T19:21:14+07:00
KJS7dfa0565,MoU,JICA Indonesia,Industri,MBKM,TL,2023-03-08,2026-03-07,Tidak Aktif,2023,2026-05-13T19:21:14+07:00
KJS38bf5a6e,MoU,Unsri,Industri,Penelitian,TS,2021-09-15,2024-09-14,Tidak Aktif,2021,2026-05-13T19:21:14+07:00
KJSac4707ea,MoU,Universiti Malaya,PT_DN,Semua,TI,2024-12-20,2026-12-20,Aktif,2024,2026-05-13T19:21:14+07:00
KJS635bb907,PKS,TU Delft,PT_LN,PkM,TS,2021-09-17,2022-09-17,Tidak Aktif,2021,2026-05-13T19:21:14+07:00
KJS3335d989,PKS,Universiti Malaya,Litbang,PkM,TP,2020-05-14,2025-05-13,Tidak Aktif,2020,2026-05-13T19:21:14+07:00
KJS5c8fbb8a,MoU,PT Pertamina,PT_DN,MBKM,KIM,2024-05-26,2025-05-26,Tidak Aktif,2024,2026-05-13T19:21:14+07:00
KJS39a7dfd8,PKS,Huawei Indonesia,Litbang,Penelitian,TS,2025-06-23,2030-06-22,Aktif,2025,2026-05-13T19:21:14+07:00
KJSa5227ef4,PKS,ITS,Industri,MBKM,AR,2020-01-26,2022-01-25,Tidak Aktif,2020,2026-05-13T19:21:14+07:00
KJS86f0d510,MoU,BRIN,Litbang,MBKM,TM,2020-09-10,2025-09-09,Tidak Aktif,2020,2026-05-13T19:21:14+07:00
KJSc7c7ca24,MoU,Universitas Lampung,PT_LN,Semua,SK,2020-07-15,2022-07-15,Tidak Aktif,2020,2026-05-13T19:21:14+07:00
KJSc40dd862,MoU,PT Bukit Asam,PT_LN,Semua,AR,2022-02-20,2025-02-19,Tidak Aktif,2022,2026-05-13T19:21:14+07:00
KJS0f28633d,MoU,Bank Indonesia,Litbang,Semua,GL,2022-12-05,2025-12-04,Tidak Aktif,2022,2026-05-13T19:21:14+07:00
KJSa12d7e67,MoU,Universiti Malaya,PT_DN,Penelitian,TK,2020-09-03,2025-09-02,Tidak Aktif,2020,2026-05-13T19:21:14+07:00
KJS3533eaea,MoU,JICA Indonesia,PT_LN,Pendidikan,IF,2021-01-22,2022-01-22,Tidak Aktif,2021,2026-05-13T19:21:14+07:00
KJS1cf25643,PKS,Toyota Motor Manufacturing,Litbang,PkM,AR,2022-08-20,2027-08-19,Aktif,2022,2026-05-13T19:21:14+07:00
KJSa34480d8,PKS,Chulalongkorn University,Industri,Pendidikan,TL,2022-07-04,2024-07-03,Tidak Aktif,2022,2026-05-13T19:21:14+07:00
KJS3180e574,PKS,BPS Lampung,Industri,Pendidikan,TK,2023-07-03,2028-07-01,Aktif,2023,2026-05-13T19:21:14+07:00
KJS884d3834,PKS,JICA Indonesia,PT_LN,MBKM,IF,2020-01-03,2022-01-02,Tidak Aktif,2020,2026-05-13T19:21:14+07:00
KJS781f4b7f,PKS,Google Indonesia,Industri,PkM,PWK,2020-09-14,2022-09-14,Tidak Aktif,2020,2026-05-13T19:21:14+07:00
KJSc3283d7f,PKS,Bank Indonesia,Litbang,Pendidikan,GL,2021-11-26,2026-11-25,Aktif,2021,2026-05-13T19:21:14+07:00
KJS3132d4dd,MoU,ITS,Litbang,PkM,AR,2025-07-17,2026-07-17,Aktif,2025,2026-05-13T19:21:14+07:00
KJS38f1d646,MoU,PT Astra International,Pemerintah,MBKM,TK,2019-03-19,2024-03-17,Tidak Aktif,2019,2026-05-13T19:21:14+07:00
KJSa10ad609,MoU,Telkom University,Litbang,Semua,BIO,2024-07-04,2027-07-04,Aktif,2024,2026-05-13T19:21:14+07:00
KJSb6357bab,MoU,Unsri,PT_LN,PkM,TI,2019-03-30,2024-03-28,Tidak Aktif,2019,2026-05-13T19:21:14+07:00
KJSf323893c,PKS,PT Astra International,Pemerintah,Pendidikan,TM,2025-09-26,2030-09-25,Aktif,2025,2026-05-13T19:21:14+07:00
KJSa0b1518f,PKS,Chulalongkorn University,Industri,Semua,FIS,2023-04-07,2026-04-06,Tidak Aktif,2023,2026-05-13T19:21:14+07:00
KJS6a611a17,MoU,Kyushu University,Pemerintah,MBKM,TI,2020-10-02,2025-10-01,Tidak Aktif,2020,2026-05-13T19:21:14+07:00
KJS4e09d52f,PKS,BRIN,PT_LN,PkM,GD,2023-09-14,2025-09-13,Tidak Aktif,2023,2026-05-13T19:21:14+07:00
KJSc703e213,PKS,IPB University,Industri,Pendidikan,IF,2021-06-16,2022-06-16,Tidak Aktif,2021,2026-05-13T19:21:14+07:00
KJScea283d1,PKS,BPS Lampung,PT_DN,MBKM,TS,2022-04-05,2024-04-04,Tidak Aktif,2022,2026-05-13T19:21:14+07:00
KJSb55aa7c7,PKS,Kyushu University,Pemerintah,MBKM,TP,2022-09-15,2025-09-14,Tidak Aktif,2022,2026-05-13T19:21:14+07:00
KJS74e70b8e,PKS,PT Telkom Indonesia,PT_DN,Pendidikan,TLK,2023-08-24,2025-08-23,Tidak Aktif,2023,2026-05-13T19:21:14+07:00
KJSa13022df,PKS,Bank Indonesia,PT_LN,MBKM,AG,2021-03-28,2024-03-27,Tidak Aktif,2021,2026-05-13T19:21:14+07:00
KJS4995de5c,PKS,Google Indonesia,Industri,Penelitian,TP,2021-06-21,2024-06-20,Tidak Aktif,2021,2026-05-13T19:21:14+07:00
KJS56721ad5,PKS,UGM,PT_LN,MBKM,MTK,2019-04-06,2021-04-05,Tidak Aktif,2019,2026-05-13T19:21:14+07:00
KJS016ddb31,PKS,UGM,Litbang,MBKM,TG,2022-09-03,2023-09-03,Tidak Aktif,2022,2026-05-13T19:21:14+07:00
KJS2d68c151,PKS,NUS Singapore,Industri,Semua,PWK,2020-02-05,2023-02-04,Tidak Aktif,2020,2026-05-13T19:21:14+07:00
KJSe744c819,PKS,Universiti Malaya,Industri,Semua,FT,2020-01-04,2023-01-03,Tidak Aktif,2020,2026-05-13T19:21:14+07:00
KJS9094ea79,PKS,PT PLN,PT_DN,PkM,SI,2023-10-28,2025-10-27,Tidak Aktif,2023,2026-05-13T19:21:14+07:00
KJS29f44f5c,MoU,BMKG,Litbang,MBKM,GL,2025-06-23,2028-06-22,Aktif,2025,2026-05-13T19:21:14+07:00
KJS90731e41,MoU,IPB University,PT_DN,MBKM,TS,2020-07-19,2023-07-19,Tidak Aktif,2020,2026-05-13T19:21:14+07:00
KJSba23ffe2,PKS,PT Bukit Asam,PT_DN,Semua,AR,2019-05-18,2022-05-17,Tidak Aktif,2019,2026-05-13T19:21:14+07:00
KJS054bd1a5,MoU,PT PLN,PT_LN,Semua,IF,2021-03-26,2023-03-26,Tidak Aktif,2021,2026-05-13T19:21:14+07:00
KJS201432e8,MoU,UNDP Indonesia,Litbang,Semua,TI,2025-03-17,2026-03-17,Tidak Aktif,2025,2026-05-13T19:21:14+07:00
KJSb720043a,PKS,JICA Indonesia,PT_DN,MBKM,MTK,2021-09-16,2022-09-16,Tidak Aktif,2021,2026-05-13T19:21:14+07:00
KJS1397d4f4,PKS,Google Indonesia,PT_LN,Penelitian,,2024-02-07,2026-02-06,Tidak Aktif,2024,2026-05-13T19:21:14+07:00
KJS62efa3f2,MoU,Politeknik Negeri Lampung,Litbang,Semua,BIO,2024-05-25,2026-05-25,Aktif,2024,2026-05-13T19:21:14+07:00
KJS471975f3,PKS,PT Astra International,Pemerintah,Semua,PWK,2019-04-09,2020-04-08,Tidak Aktif,2019,2026-05-13T19:21:14+07:00
KJS2c92bf57,PKS,Politeknik Negeri Lampung,Industri,PkM,FT,2025-10-01,2028-09-30,Aktif,2025,2026-05-13T19:21:14+07:00
KJSdd1e2dd9,MoU,Bank Indonesia,Litbang,Pendidikan,TG,2025-11-26,2026-11-26,Aktif,2025,2026-05-13T19:21:14+07:00
KJS4a27d4ec,MoU,Huawei Indonesia,PT_DN,Penelitian,KIM,2022-05-23,2023-05-23,Tidak Aktif,2022,2026-05-13T19:21:14+07:00
KJSe2d2dbe0,MoU,TU Delft,Litbang,Semua,IF,2023-11-24,2026-11-23,Aktif,2023,2026-05-13T19:21:14+07:00
KJS6e9cc281,PKS,Kyushu University,Pemerintah,MBKM,FT,2019-05-17,2024-05-15,Tidak Aktif,2019,2026-05-13T19:21:14+07:00
KJS1b2c158d,PKS,UNDP Indonesia,Litbang,PkM,AR,2024-12-05,2025-12-05,Tidak Aktif,2024,2026-05-13T19:21:14+07:00
KJSeabcd87f,MoU,Osaka University,Litbang,PkM,GD,2025-12-27,2028-12-26,Aktif,2025,2026-05-13T19:21:14+07:00
KJSb5c157a6,PKS,UNDP Indonesia,Pemerintah,Pendidikan,TG,2021-04-09,2023-04-09,Tidak Aktif,2021,2026-05-13T19:21:14+07:00
KJS019c3a7a,PKS,BMKG,Litbang,Pendidikan,FIS,2025-07-23,2027-07-23,Aktif,2025,2026-05-13T19:21:14+07:00
KJSba29f7f6,PKS,Huawei Indonesia,Industri,Pendidikan,GL,2025-11-10,2030-11-09,Aktif,2025,2026-05-13T19:21:14+07:00
KJS05c35b52,PKS,Osaka University,Pemerintah,MBKM,IF,2023-08-14,2028-08-12,Aktif,2023,2026-05-13T19:21:14+07:00
KJSccaae05d,PKS,ITS,PT_LN,Pendidikan,MTK,2023-01-22,2026-01-21,Tidak Aktif,2023,2026-05-13T19:21:14+07:00
KJSe568d8be,MoU,Telkom University,Industri,Pendidikan,TLK,2021-09-06,2022-09-06,Tidak Aktif,2021,2026-05-13T19:21:14+07:00
KJS3caa367d,PKS,Politeknik Negeri Lampung,Pemerintah,PkM,TLK,2022-08-07,2024-08-06,Tidak Aktif,2022,2026-05-13T19:21:14+07:00
KJSf37778d7,PKS,JICA Indonesia,PT_LN,PkM,FIS,2019-09-17,2022-09-16,Tidak Aktif,2019,2026-05-13T19:21:14+07:00
KJScf2de24b,PKS,Unila,Litbang,MBKM,TM,2025-01-27,2030-01-26,Aktif,2025,2026-05-13T19:21:14+07:00
KJSb08ead92,PKS,Universitas Lampung,PT_LN,Pendidikan,TK,2023-04-18,2028-04-16,Aktif,2023,2026-05-13T19:21:14+07:00
KJS043c6157,PKS,ITB,PT_LN,Penelitian,GD,2022-05-28,2024-05-27,Tidak Aktif,2022,2026-05-13T19:21:14+07:00
KJSe1d949ca,MoU,Unsri,PT_DN,PkM,TE,2025-08-06,2026-08-06,Aktif,2025,2026-05-13T19:21:14+07:00
KJSd57fade7,MoU,PT Bukit Asam,Industri,MBKM,GL,2022-09-24,2025-09-23,Tidak Aktif,2022,2026-05-13T19:21:14+07:00
KJSb8f5debb,MoU,Universitas Indonesia,Pemerintah,Penelitian,SK,2023-09-03,2026-09-02,Aktif,2023,2026-05-13T19:21:14+07:00
KJSb0f457f6,PKS,PT Telkom Indonesia,Pemerintah,Pendidikan,TM,2024-08-05,2027-08-05,Aktif,2024,2026-05-13T19:21:14+07:00
KJSf2592444,MoU,Unila,PT_LN,MBKM,FT,2023-03-01,2025-02-28,Tidak Aktif,2023,2026-05-13T19:21:14+07:00
KJS05d8e4a8,PKS,PT PLN,Industri,Semua,SI,2023-09-23,2026-09-22,Aktif,2023,2026-05-13T19:21:14+07:00
KJSb4a814de,PKS,IPB University,Industri,MBKM,AG,2019-08-02,2020-08-01,Tidak Aktif,2019,2026-05-13T19:21:14+07:00
KJS16fc9665,MoU,BRIN,Pemerintah,PkM,GL,2023-09-17,2025-09-16,Tidak Aktif,2023,2026-05-13T19:21:14+07:00
KJS11c1cf7f,PKS,PT Telkom Indonesia,Pemerintah,Pendidikan,SK,2021-08-29,2023-08-29,Tidak Aktif,2021,2026-05-13T19:21:14+07:00
KJS236f7e63,PKS,Unsri,PT_LN,Pendidikan,TK,2022-06-29,2025-06-28,Tidak Aktif,2022,2026-05-13T19:21:14+07:00
KJS5fea2096,MoU,World Bank Jakarta,Pemerintah,PkM,FIS,2020-03-23,2021-03-23,Tidak Aktif,2020,2026-05-13T19:21:14+07:00
KJS5ffe935b,MoU,Unsri,PT_DN,Penelitian,KIM,2019-11-18,2022-11-17,Tidak Aktif,2019,2026-05-13T19:21:14+07:00
KJS488298e0,MoU,UGM,PT_LN,PkM,PWK,2025-10-08,2028-10-07,Aktif,2025,2026-05-13T19:21:14+07:00
KJSf6d85493,MoU,PT PLN,Pemerintah,Penelitian,TLK,2021-09-06,2024-09-05,Tidak Aktif,2021,2026-05-13T19:21:14+07:00
KJS1fb17474,PKS,JICA Indonesia,Pemerintah,MBKM,TM,2019-07-04,2020-07-03,Tidak Aktif,2019,2026-05-13T19:21:14+07:00
KJS8fee610e,PKS,Kyushu University,Pemerintah,Semua,TG,2021-11-28,2024-11-27,Tidak Aktif,2021,2026-05-13T19:21:14+07:00
KJS23578db8,MoU,Politeknik Negeri Lampung,Litbang,Penelitian,FT,2025-05-06,2026-05-06,Tidak Aktif,2025,2026-05-13T19:21:14+07:00
KJSdf90c832,PKS,BRIN,PT_LN,Penelitian,TL,2021-10-27,2022-10-27,Tidak Aktif,2021,2026-05-13T19:21:14+07:00
KJS9bc6e12e,PKS,NUS Singapore,PT_DN,Pendidikan,TS,2020-06-17,2021-06-17,Tidak Aktif,2020,2026-05-13T19:21:14+07:00
KJSea8080b5,PKS,UNDP Indonesia,PT_DN,MBKM,FT,2020-05-07,2022-05-07,Tidak Aktif,2020,2026-05-13T19:21:14+07:00
KJS72e54317,MoU,BMKG,Litbang,Penelitian,AR,2024-07-26,2026-07-26,Aktif,2024,2026-05-13T19:21:14+07:00
KJS6888ab26,MoU,LIPI,Pemerintah,PkM,TM,2020-12-05,2022-12-05,Tidak Aktif,2020,2026-05-13T19:21:14+07:00
KJS4af88b76,PKS,World Bank Jakarta,Pemerintah,MBKM,TM,2025-09-26,2026-09-26,Aktif,2025,2026-05-13T19:21:14+07:00
KJSec409dca,PKS,ITS,Industri,Pendidikan,TL,2024-02-21,2026-02-20,Tidak Aktif,2024,2026-05-13T19:21:14+07:00
KJSbe41b2a2,PKS,Politeknik Negeri Lampung,Industri,PkM,GL,2022-04-13,2023-04-13,Tidak Aktif,2022,2026-05-13T19:21:14+07:00
KJSd174abff,MoU,Universiti Malaya,PT_LN,MBKM,FT,2025-08-15,2027-08-15,Aktif,2025,2026-05-13T19:21:14+07:00
KJS6ecd534f,PKS,PT Bukit Asam,Litbang,Penelitian,SK,2023-09-16,2026-09-15,Aktif,2023,2026-05-13T19:21:14+07:00
KJS3068e874,MoU,BRIN,PT_DN,Semua,TL,2023-07-08,2024-07-07,Tidak Aktif,2023,2026-05-13T19:21:19+07:00
KJSb99f699e,MoU,PT Telkom Indonesia,PT_DN,Semua,KIM,2024-09-20,2027-09-20,Aktif,2024,2026-05-13T19:21:19+07:00
KJSebb5908e,MoU,NUS Singapore,Industri,Pendidikan,SI,2020-09-24,2021-09-24,Tidak Aktif,2020,2026-05-13T19:21:19+07:00
KJS6992c5ec,MoU,World Bank Jakarta,PT_LN,MBKM,AR,2024-04-26,2025-04-26,Tidak Aktif,2024,2026-05-13T19:21:19+07:00
KJS30f1977e,MoU,Huawei Indonesia,PT_DN,Penelitian,AG,2021-07-29,2022-07-29,Tidak Aktif,2021,2026-05-13T19:21:19+07:00
KJS1a1c305b,PKS,ITB,Industri,Penelitian,MB,2024-11-16,2029-11-15,Aktif,2024,2026-05-13T19:21:19+07:00
KJS648719f8,PKS,Kyushu University,PT_DN,PkM,TL,2024-03-08,2025-03-08,Tidak Aktif,2024,2026-05-13T19:21:19+07:00
KJSf2d762d3,PKS,PT PLN,Industri,Penelitian,SK,2023-11-02,2026-11-01,Aktif,2023,2026-05-13T19:21:19+07:00
KJSb18e7bf0,PKS,IPB University,PT_LN,PkM,SK,2020-07-01,2025-06-30,Tidak Aktif,2020,2026-05-13T19:21:19+07:00
KJSe49729c2,PKS,NUS Singapore,PT_DN,Pendidikan,TI,2023-06-04,2025-06-03,Tidak Aktif,2023,2026-05-13T19:21:19+07:00
